Netherlands;NPB Padelcompetitie;MO;Jeroen;Aarse;30.12.2019;381;;
Netherlands;NPB Padelcompetitie;MO;Mohamed Nour Salah;Abdelmonem;30.12.2019;14;;
Netherlands;NPB Padelcompetitie;MO;Cor;Abrahamjan;30.12.2019;22;;
Netherlands;NPB Padelcompetitie;MO;Yannick;Abrahams;30.12.2019;30;;
Netherlands;NPB Padelcompetitie;MO;John;Achterberg;30.12.2019;7;;
Netherlands;NPB Padelcompetitie;MO;Leander;Affourtit;30.12.2019;10;;
Netherlands;NPB Padelcompetitie;MO;Leonoor;Ahrens;30.12.2019;14;;
Netherlands;NPB Padelcompetitie;MO;Lieuwe;Akkerman;30.12.2019;29;;
Netherlands;NPB Padelcompetitie;MO;Sofiane;Alberga;30.12.2019;27;;
Netherlands;NPB Padelcompetitie;MO;Antonio;Álvarez;30.12.2019;47;;
Netherlands;NPB Padelcompetitie;MO;Peter;Amerika;30.12.2019;534;;
Netherlands;NPB Padelcompetitie;MO;Jelmer;Andela;30.12.2019;163;;
Netherlands;NPB Padelcompetitie;MO;Rombert;Anjema;30.12.2019;180;;
Netherlands;NPB Padelcompetitie;MO;Julio;Araque;30.12.2019;94;;
Netherlands;NPB Padelcompetitie;MO;Arean;Ates;30.12.2019;4;;
Netherlands;NPB Padelcompetitie;MO;Xander;Aue;30.12.2019;207;;
Netherlands;NPB Padelcompetitie;MO;Nezar;Awad;30.12.2019;56;;
Netherlands;NPB Padelcompetitie;MO;Michael;Baak;30.12.2019;16;;
Netherlands;NPB Padelcompetitie;MO;Ruud;Baars;30.12.2019;18;;
Netherlands;NPB Padelcompetitie;MO;Wouter;den Bakker;30.12.2019;14;;
Netherlands;NPB Padelcompetitie;MO;Mike;Bakker;30.12.2019;7;;
Netherlands;NPB Padelcompetitie;MO;Pieter;Bakker;30.12.2019;363;;
Netherlands;NPB Padelcompetitie;MO;Chris;Ballieux;30.12.2019;6;;
Netherlands;NPB Padelcompetitie;MO;Arjan;Bank;30.12.2019;21;;
Netherlands;NPB Padelcompetitie;MO;Jan Willem;Becker;30.12.2019;30;;
Netherlands;NPB Padelcompetitie;MO;Paul;Beduel;30.12.2019;303;;
Netherlands;NPB Padelcompetitie;MO;Ronald;Beduel;30.12.2019;578;;
Netherlands;NPB Padelcompetitie;MO;Erik;Beeldman;30.12.2019;24;;
Netherlands;NPB Padelcompetitie;MO;Michiel;Beemster;30.12.2019;3;;
Netherlands;NPB Padelcompetitie;MO;Frank;Beenen;30.12.2019;44;;
Netherlands;NPB Padelcompetitie;MO;Carel;Bel;30.12.2019;50;;
Netherlands;NPB Padelcompetitie;MO;Conrad;Bel;30.12.2019;311;;
Netherlands;NPB Padelcompetitie;MO;Tymo;Berger;30.12.2019;339;;
Netherlands;NPB Padelcompetitie;MO;Jeroen;Berkenpas;30.12.2019;95;;
Netherlands;NPB Padelcompetitie;MO;Roland;Berkhoudt;30.12.2019;27;;
Netherlands;NPB Padelcompetitie;MO;Joost;Berkhout;30.12.2019;33;;
Netherlands;NPB Padelcompetitie;MO;Marc;Besten;30.12.2019;100;;
Netherlands;NPB Padelcompetitie;MO;Jeroen;Beumer;30.12.2019;8;;
Netherlands;NPB Padelcompetitie;MO;Marc;Beunk;30.12.2019;52;;
Netherlands;NPB Padelcompetitie;MO;Herman;Bloem;30.12.2019;10;;
Netherlands;NPB Padelcompetitie;MO;Alexander;Blom;30.12.2019;172;;
Netherlands;NPB Padelcompetitie;MO;Robin;Bodde;30.12.2019;259;;
Netherlands;NPB Padelcompetitie;MO;Fred;Boekee;30.12.2019;50;;
Netherlands;NPB Padelcompetitie;MO;Marco;Boekelo;30.12.2019;46;;
Netherlands;NPB Padelcompetitie;MO;Sven;Boele;30.12.2019;144;;
Netherlands;NPB Padelcompetitie;MO;Johan;Boer;30.12.2019;43;;
Netherlands;NPB Padelcompetitie;MO;Fred;Boerman;30.12.2019;40;;
Netherlands;NPB Padelcompetitie;MO;Berend;Boers;30.12.2019;1592;;
Netherlands;NPB Padelcompetitie;MO;Stefan;Boersma;30.12.2019;43;;
Netherlands;NPB Padelcompetitie;MO;Marcel;Bogaart;30.12.2019;292;;
Netherlands;NPB Padelcompetitie;MO;Gert;Bogers;30.12.2019;32;;
Netherlands;NPB Padelcompetitie;MO;Mark;Bogers;30.12.2019;115;;
Netherlands;NPB Padelcompetitie;MO;Niels;Bogers;30.12.2019;101;;
Netherlands;NPB Padelcompetitie;MO;Floris;Bokx;30.12.2019;14;;
Netherlands;NPB Padelcompetitie;MO;Robert;Bokx;30.12.2019;16;;
Netherlands;NPB Padelcompetitie;MO;Harold;Boldewijn;30.12.2019;49;;
Netherlands;NPB Padelcompetitie;MO;Henk;Bolster;30.12.2019;12;;
Netherlands;NPB Padelcompetitie;MO;Michael;Boode;30.12.2019;51;;
Netherlands;NPB Padelcompetitie;MO;Danny;Boogert;30.12.2019;64;;
Netherlands;NPB Padelcompetitie;MO;Giovanni;Bos;30.12.2019;764;;
Netherlands;NPB Padelcompetitie;MO;Jeroen;Bos;30.12.2019;32;;
Netherlands;NPB Padelcompetitie;MO;Juan Manuel;Boschi;30.12.2019;8;;
Netherlands;NPB Padelcompetitie;MO;Gert;Bouma;30.12.2019;53;;
Netherlands;NPB Padelcompetitie;MO;John;Bouma;30.12.2019;267;;
Netherlands;NPB Padelcompetitie;MO;Bjorn;Boumans;30.12.2019;24;;
Netherlands;NPB Padelcompetitie;MO;Nilco;Boven;30.12.2019;132;;
Netherlands;NPB Padelcompetitie;MO;Jan;Braan;30.12.2019;16;;
Netherlands;NPB Padelcompetitie;MO;Erik;Brager;30.12.2019;46;;
Netherlands;NPB Padelcompetitie;MO;Erik;Brakk;30.12.2019;151;;
Netherlands;NPB Padelcompetitie;MO;Tiago;Brandão Da Silva;30.12.2019;19;;
Netherlands;NPB Padelcompetitie;MO;Bart;Brandon;30.12.2019;345;;
Netherlands;NPB Padelcompetitie;MO;Mark;Brands;30.12.2019;24;;
Netherlands;NPB Padelcompetitie;MO;Arne;Breunesse;30.12.2019;36;;
Netherlands;NPB Padelcompetitie;MO;Bob;Brokmann;30.12.2019;14;;
Netherlands;NPB Padelcompetitie;MO;Eelco;Brolman;30.12.2019;105;;
Netherlands;NPB Padelcompetitie;MO;Max;Brouwer;30.12.2019;19;;
Netherlands;NPB Padelcompetitie;MO;Justus;Brouwers;30.12.2019;24;;
Netherlands;NPB Padelcompetitie;MO;Peter;Bruijsten;30.12.2019;2310;0;0
Netherlands;NPB Padelcompetitie;MO;Marcel;Budding;30.12.2019;56;;
Netherlands;NPB Padelcompetitie;MO;Ronald;Buis;30.12.2019;6;;
Netherlands;NPB Padelcompetitie;MO;Jurjen;Buiten;30.12.2019;109;;
Netherlands;NPB Padelcompetitie;MO;Roger;Burer;30.12.2019;10;;
Netherlands;NPB Padelcompetitie;MO;Martin;Burghoorn;30.12.2019;17;;
Netherlands;NPB Padelcompetitie;MO;Tim;Burghoorn;30.12.2019;138;;
Netherlands;NPB Padelcompetitie;MO;Frank;Buurman;30.12.2019;66;;
Netherlands;NPB Padelcompetitie;MO;Jelmer;Carper;30.12.2019;6;;
Netherlands;NPB Padelcompetitie;MO;Mauro;Cecchini;30.12.2019;3;;
Netherlands;NPB Padelcompetitie;MO;Paul;Ceelen;30.12.2019;11;;
Netherlands;NPB Padelcompetitie;MO;Andre;Chevalier;30.12.2019;6;;
Netherlands;NPB Padelcompetitie;MO;Aernout;Claassen;30.12.2019;24;;
Netherlands;NPB Padelcompetitie;MO;Fernando;Cobos;30.12.2019;23;;
Netherlands;NPB Padelcompetitie;MO;Joost;Coldenhoff;30.12.2019;71;;
Netherlands;NPB Padelcompetitie;MO;Gertjan;Commandeur;30.12.2019;117;;
Netherlands;NPB Padelcompetitie;MO;Gordon;Conradie;30.12.2019;26;;
Netherlands;NPB Padelcompetitie;MO;Malte;Daum;30.12.2019;4;;
Netherlands;NPB Padelcompetitie;MO;Ronny;de Boer;30.12.2019;60;;
Netherlands;NPB Padelcompetitie;MO;Erwin;de Boerdere;30.12.2019;16;;
Netherlands;NPB Padelcompetitie;MO;Mark;de Bruin;30.12.2019;6;;
Netherlands;NPB Padelcompetitie;MO;Albert;de Gans;30.12.2019;30;;
Netherlands;NPB Padelcompetitie;MO;Chris;de Groot;30.12.2019;14;;
Netherlands;NPB Padelcompetitie;MO;Charles;de Gruiter;30.12.2019;18;;
Netherlands;NPB Padelcompetitie;MO;Rene;de Gruiter;30.12.2019;69;;
Netherlands;NPB Padelcompetitie;MO;Machiel;de Haan;30.12.2019;41;;
Netherlands;NPB Padelcompetitie;MO;Arno;de Jong;30.12.2019;168;;
Netherlands;NPB Padelcompetitie;MO;Sven;de Jong;30.12.2019;11;;
Netherlands;NPB Padelcompetitie;MO;Dennis;de Kramer;30.12.2019;36;;
Netherlands;NPB Padelcompetitie;MO;Thomas;de Krosse;30.12.2019;9;;
Netherlands;NPB Padelcompetitie;MO;Chris;de Kruijf;30.12.2019;8;;
Netherlands;NPB Padelcompetitie;MO;Wesley;de Kwaadsteniet;30.12.2019;106;;
Netherlands;NPB Padelcompetitie;MO;Carlos;de la Figuera;30.12.2019;59;;
Netherlands;NPB Padelcompetitie;MO;Eric;de Lange;30.12.2019;121;;
Netherlands;NPB Padelcompetitie;MO;Kevin;de Lange;30.12.2019;43;;
Netherlands;NPB Padelcompetitie;MO;Robin;de Leeuw;30.12.2019;102;;
Netherlands;NPB Padelcompetitie;MO;Marco;de Lorijn;30.12.2019;215;;
Netherlands;NPB Padelcompetitie;MO;Marco;de Mooij;30.12.2019;18;;
Netherlands;NPB Padelcompetitie;MO;Toon;de Munnik;30.12.2019;11;;
Netherlands;NPB Padelcompetitie;MO;Frans;de Nennie;30.12.2019;9;;
Netherlands;NPB Padelcompetitie;MO;Arvid;de Rijck;30.12.2019;37;;
Netherlands;NPB Padelcompetitie;MO;Ronald;de Rooij;30.12.2019;10;;
Netherlands;NPB Padelcompetitie;MO;Thomas;de Rooij;30.12.2019;6;;
Netherlands;NPB Padelcompetitie;MO;Jelle Jan;de Roos;30.12.2019;126;;
Netherlands;NPB Padelcompetitie;MO;Pim;de Sain;30.12.2019;3;;
Netherlands;NPB Padelcompetitie;MO;Jelmer;de Visser;30.12.2019;256;;
Netherlands;NPB Padelcompetitie;MO;Damion;de Vreede;30.12.2019;121;;
Netherlands;NPB Padelcompetitie;MO;Harald;de Vries;30.12.2019;30;;
Netherlands;NPB Padelcompetitie;MO;Gidion;de Wilde;30.12.2019;20;;
Netherlands;NPB Padelcompetitie;MO;Erik;de Wit;30.12.2019;18;;
Netherlands;NPB Padelcompetitie;MO;Hans;de Wit;30.12.2019;182;;
Netherlands;NPB Padelcompetitie;MO;Kees;de Wit;30.12.2019;23;;
Netherlands;NPB Padelcompetitie;MO;Christian;Dekens;30.12.2019;44;;
Netherlands;NPB Padelcompetitie;MO;Henk;Dekker;30.12.2019;14;;
Netherlands;NPB Padelcompetitie;MO;Jan;Dekker;30.12.2019;4;;
Netherlands;NPB Padelcompetitie;MO;Rene;Dekker;30.12.2019;66;;
Netherlands;NPB Padelcompetitie;MO;Stefan;Deko;30.12.2019;16;;
Netherlands;NPB Padelcompetitie;MO;Samuel;Delgado;30.12.2019;4;;
Netherlands;NPB Padelcompetitie;MO;Sergio;Delgado Boldú;30.12.2019;28;;
Netherlands;NPB Padelcompetitie;MO;Vito;Demichele;30.12.2019;51;;
Netherlands;NPB Padelcompetitie;MO;Robert;den Dunnen;30.12.2019;192;;
Netherlands;NPB Padelcompetitie;MO;Marc;Derkman;30.12.2019;28;;
Netherlands;NPB Padelcompetitie;MO;Eric;Derksen;30.12.2019;118;;
Netherlands;NPB Padelcompetitie;MO;André;Dias;30.12.2019;6;;
Netherlands;NPB Padelcompetitie;MO;Dennie;Dijk;30.12.2019;79;;
Netherlands;NPB Padelcompetitie;MO;Ruben;Dijk;30.12.2019;7;;
Netherlands;NPB Padelcompetitie;MO;Jaap;Dijkstra;30.12.2019;28;;
Netherlands;NPB Padelcompetitie;MO;Julian;Dijkstra;30.12.2019;41;;
Netherlands;NPB Padelcompetitie;MO;Erwin;Dirikx;30.12.2019;25;;
Netherlands;NPB Padelcompetitie;MO;Peter;Dirksen;30.12.2019;24;;
Netherlands;NPB Padelcompetitie;MO;Jacques;Dokter;30.12.2019;31;;
Netherlands;NPB Padelcompetitie;MO;Frans;Doornbosch;30.12.2019;12;;
Netherlands;NPB Padelcompetitie;MO;Niels;Drent;30.12.2019;49;;
Netherlands;NPB Padelcompetitie;MO;Wouter;Drogt;30.12.2019;12;;
Netherlands;NPB Padelcompetitie;MO;Ferry;du Pree;30.12.2019;226;;
Netherlands;NPB Padelcompetitie;MO;Lars;du Pree;30.12.2019;328;;
Netherlands;NPB Padelcompetitie;MO;Hans;Dubbeling;30.12.2019;29;;
Netherlands;NPB Padelcompetitie;MO;Michel;Duin;30.12.2019;8;;
Netherlands;NPB Padelcompetitie;MO;Castor;Duran;30.12.2019;18;;
Netherlands;NPB Padelcompetitie;MO;Thomas;Dwars;30.12.2019;14;;
Netherlands;NPB Padelcompetitie;MO;Bernd;Egberink;30.12.2019;12;;
Netherlands;NPB Padelcompetitie;MO;Frank;Eggermont;30.12.2019;14;;
Netherlands;NPB Padelcompetitie;MO;Bart;Eggink;30.12.2019;80;;
Netherlands;NPB Padelcompetitie;MO;Merin;Eggink;30.12.2019;32;;
Netherlands;NPB Padelcompetitie;MO;David;Egueur;30.12.2019;10;;
Netherlands;NPB Padelcompetitie;MO;Jack;Engelaar;30.12.2019;304;;
Netherlands;NPB Padelcompetitie;MO;Teun;Ennema;30.12.2019;7;;
Netherlands;NPB Padelcompetitie;MO;Ruud;Erckens;30.12.2019;19;;
Netherlands;NPB Padelcompetitie;MO;Matthijs;Esmeijer;30.12.2019;86;;
Netherlands;NPB Padelcompetitie;MO;Stephan;Esmeijer;30.12.2019;58;;
Netherlands;NPB Padelcompetitie;MO;Milou;Ettekoven;30.12.2019;140;;
Netherlands;NPB Padelcompetitie;MO;Sebastiaan;Etten;30.12.2019;36;;
Netherlands;NPB Padelcompetitie;MO;Harm;Eurlings;30.12.2019;29;;
Netherlands;NPB Padelcompetitie;MO;Roel;Faasen;30.12.2019;56;;
Netherlands;NPB Padelcompetitie;MO;Jalmar;Fasten;30.12.2019;4;;
Netherlands;NPB Padelcompetitie;MO;Daniel;Fernández;30.12.2019;25;;
Netherlands;NPB Padelcompetitie;MO;Pedro;Fernández Gómez;30.12.2019;105;;
Netherlands;NPB Padelcompetitie;MO;Raymon;Fleuren;30.12.2019;36;;
Netherlands;NPB Padelcompetitie;MO;Andrew;Flierman;30.12.2019;12;;
Netherlands;NPB Padelcompetitie;MO;Joost;Franke;30.12.2019;7;;
Netherlands;NPB Padelcompetitie;MO;Paul;Franken;30.12.2019;20;;
Netherlands;NPB Padelcompetitie;MO;Stijn;Fransen;30.12.2019;14;;
Netherlands;NPB Padelcompetitie;MO;Menno;Fuchs;30.12.2019;19;;
Netherlands;NPB Padelcompetitie;MO;Mark;Ganzeboom;30.12.2019;40;;
Netherlands;NPB Padelcompetitie;MO;Cele;García;30.12.2019;81;;
Netherlands;NPB Padelcompetitie;MO;Pim;Gebuis;30.12.2019;131;;
Netherlands;NPB Padelcompetitie;MO;Henk;Geer;30.12.2019;56;;
Netherlands;NPB Padelcompetitie;MO;Dave;Geerking;30.12.2019;12;;
Netherlands;NPB Padelcompetitie;MO;Job;Geerling;30.12.2019;237;;
Netherlands;NPB Padelcompetitie;MO;Harold;Gerard;30.12.2019;17;;
Netherlands;NPB Padelcompetitie;MO;Robs;Gerrits;30.12.2019;14;;
Netherlands;NPB Padelcompetitie;MO;Michael;Gerritsen;30.12.2019;54;;
Netherlands;NPB Padelcompetitie;MO;Rene;Gierveld;30.12.2019;14;;
Netherlands;NPB Padelcompetitie;MO;Steven;Gilberts;30.12.2019;252;;
Netherlands;NPB Padelcompetitie;MO;Gene;Gobus;30.12.2019;171;;
Netherlands;NPB Padelcompetitie;MO;Marc;Goessens;30.12.2019;16;;
Netherlands;NPB Padelcompetitie;MO;Jochem;Goldberg;30.12.2019;22;;
Netherlands;NPB Padelcompetitie;MO;Scott;Goossens;30.12.2019;92;;
Netherlands;NPB Padelcompetitie;MO;Lennaert;Gort;30.12.2019;3;;
Netherlands;NPB Padelcompetitie;MO;Ben;Goyens;30.12.2019;3;;
Netherlands;NPB Padelcompetitie;MO;Frank;Grashof;30.12.2019;14;;
Netherlands;NPB Padelcompetitie;MO;Richard;Grashof;30.12.2019;6;;
Netherlands;NPB Padelcompetitie;MO;Daan;Groen;30.12.2019;17;;
Netherlands;NPB Padelcompetitie;MO;Mats;Groen;30.12.2019;47;;
Netherlands;NPB Padelcompetitie;MO;Sjoerd;Gronsveld;30.12.2019;131;;
Netherlands;NPB Padelcompetitie;MO;Jurgen;Groot Landeweer;30.12.2019;31;;
Netherlands;NPB Padelcompetitie;MO;Joop;Gulikers;30.12.2019;34;;
Netherlands;NPB Padelcompetitie;MO;Martin;Haafkes;30.12.2019;20;;
Netherlands;NPB Padelcompetitie;MO;Coen;Hackmann;30.12.2019;92;;
Netherlands;NPB Padelcompetitie;MO;Martijn;Hackmann;30.12.2019;86;;
Netherlands;NPB Padelcompetitie;MO;Dexter;Hagenaar;30.12.2019;3;;
Netherlands;NPB Padelcompetitie;MO;Martin-Jan;Hagg;30.12.2019;21;;
Netherlands;NPB Padelcompetitie;MO;Frits;Hakkesteegt;30.12.2019;56;;
Netherlands;NPB Padelcompetitie;MO;Maurice;Hanegraaf;30.12.2019;33;;
Netherlands;NPB Padelcompetitie;MO;L.T.;Hardeman;30.12.2019;190;;
Netherlands;NPB Padelcompetitie;MO;Alexander;Hardenberg;30.12.2019;59;;
Netherlands;NPB Padelcompetitie;MO;René;Hart;30.12.2019;6;;
Netherlands;NPB Padelcompetitie;MO;Rutger;Haven;30.12.2019;146;;
Netherlands;NPB Padelcompetitie;MO;Jeroen;Havinga;30.12.2019;159;;
Netherlands;NPB Padelcompetitie;MO;Luuk;Havinga;30.12.2019;46;;
Netherlands;NPB Padelcompetitie;MO;Mees;Heek;30.12.2019;107;;
Netherlands;NPB Padelcompetitie;MO;Wouter;Heemskerk;30.12.2019;24;;
Netherlands;NPB Padelcompetitie;MO;Guido;Heeneman;30.12.2019;20;;
Netherlands;NPB Padelcompetitie;MO;Marco;Heesink;30.12.2019;24;;
Netherlands;NPB Padelcompetitie;MO;Egbert;Heil;30.12.2019;16;;
Netherlands;NPB Padelcompetitie;MO;Jelle;Helming;30.12.2019;66;;
Netherlands;NPB Padelcompetitie;MO;Peter;Hendriks;30.12.2019;11;;
Netherlands;NPB Padelcompetitie;MO;Michiel;Hendriksen;30.12.2019;88;;
Netherlands;NPB Padelcompetitie;MO;Pieter;Hendriksen;30.12.2019;108;;
Netherlands;NPB Padelcompetitie;MO;Rodney Herder;Herder;30.12.2019;14;;
Netherlands;NPB Padelcompetitie;MO;Clem;Herman;30.12.2019;52;;
Netherlands;NPB Padelcompetitie;MO;Pieter;Hermus;30.12.2019;59;;
Netherlands;NPB Padelcompetitie;MO;Hans;Hesemans;30.12.2019;20;;
Netherlands;NPB Padelcompetitie;MO;Nick;Heyvaert;30.12.2019;36;;
Netherlands;NPB Padelcompetitie;MO;Steven;Hiemstra;30.12.2019;12;;
Netherlands;NPB Padelcompetitie;MO;Robin;Hijink;30.12.2019;42;;
Netherlands;NPB Padelcompetitie;MO;Immanuel;Himmel;30.12.2019;7;;
Netherlands;NPB Padelcompetitie;MO;Frank;Hoeberichts;30.12.2019;35;;
Netherlands;NPB Padelcompetitie;MO;Marco;Hoefman;30.12.2019;33;;
Netherlands;NPB Padelcompetitie;MO;Wessel;Hoek;30.12.2019;4;;
Netherlands;NPB Padelcompetitie;MO;Pierre;Hoenselaar;30.12.2019;57;;
Netherlands;NPB Padelcompetitie;MO;Fons;Hof;30.12.2019;28;;
Netherlands;NPB Padelcompetitie;MO;Kees;Hof;30.12.2019;23;;
Netherlands;NPB Padelcompetitie;MO;Fred;Hofman;30.12.2019;43;;
Netherlands;NPB Padelcompetitie;MO;Ivan;Hogervorst;30.12.2019;58;;
Netherlands;NPB Padelcompetitie;MO;Robert;Hollander;30.12.2019;19;;
Netherlands;NPB Padelcompetitie;MO;Rogier;Holst;30.12.2019;64;;
Netherlands;NPB Padelcompetitie;MO;Marko;Holt;30.12.2019;10;;
Netherlands;NPB Padelcompetitie;MO;Richard;Hooft;30.12.2019;3;;
Netherlands;NPB Padelcompetitie;MO;Paul Anton;Hoogendoorn;30.12.2019;40;;
Netherlands;NPB Padelcompetitie;MO;Pascal;Hoogland;30.12.2019;19;;
Netherlands;NPB Padelcompetitie;MO;Jorn;Hoonhoud;30.12.2019;11;;
Netherlands;NPB Padelcompetitie;MO;Marc;Hoppenbrouwers;30.12.2019;12;;
Netherlands;NPB Padelcompetitie;MO;David;Horat;30.12.2019;47;;
Netherlands;NPB Padelcompetitie;MO;Douglas;Horchner;30.12.2019;38;;
Netherlands;NPB Padelcompetitie;MO;Bob;Hotho;30.12.2019;6;;
Netherlands;NPB Padelcompetitie;MO;Michiel;Houkema;30.12.2019;51;;
Netherlands;NPB Padelcompetitie;MO;Mark;Houterman;30.12.2019;10;;
Netherlands;NPB Padelcompetitie;MO;Marcel;Houtman;30.12.2019;81;;
Netherlands;NPB Padelcompetitie;MO;René;Houweling;30.12.2019;12;;
Netherlands;NPB Padelcompetitie;MO;Mike;Hupkens;30.12.2019;85;;
Netherlands;NPB Padelcompetitie;MO;Manuel;Ibáñez Márquez;30.12.2019;18;;
Netherlands;NPB Padelcompetitie;MO;Rodrigo;Illescas;30.12.2019;40;;
Netherlands;NPB Padelcompetitie;MO;Michael;in 't Hout;30.12.2019;3;;
Netherlands;NPB Padelcompetitie;MO;Robert;Jacobs;30.12.2019;16;;
Netherlands;NPB Padelcompetitie;MO;Fred;Jacobsz;30.12.2019;7;;
Netherlands;NPB Padelcompetitie;MO;Francis;Jak;30.12.2019;14;;
Netherlands;NPB Padelcompetitie;MO;David;Jansen;30.12.2019;16;;
Netherlands;NPB Padelcompetitie;MO;Edward;Jansen;30.12.2019;18;;
Netherlands;NPB Padelcompetitie;MO;Jelle;Jansen;30.12.2019;4;;
Netherlands;NPB Padelcompetitie;MO;Ronald;Jansen;30.12.2019;76;;
Netherlands;NPB Padelcompetitie;MO;Jan;Janssen;30.12.2019;28;;
Netherlands;NPB Padelcompetitie;MO;Wiljan;Janssen;30.12.2019;85;;
Netherlands;NPB Padelcompetitie;MO;Arjen;Jilsink;30.12.2019;16;;
Netherlands;NPB Padelcompetitie;MO;Ruud;Joor;30.12.2019;3;;
Netherlands;NPB Padelcompetitie;MO;Erich;Kaija Plochg;30.12.2019;75;;
Netherlands;NPB Padelcompetitie;MO;Marco;Kalshoven;30.12.2019;12;;
Netherlands;NPB Padelcompetitie;MO;Brando;Kamp;30.12.2019;910;;
Netherlands;NPB Padelcompetitie;MO;Raymond;Kamp;30.12.2019;80;;
Netherlands;NPB Padelcompetitie;MO;David;Kamsteeg;30.12.2019;30;;
Netherlands;NPB Padelcompetitie;MO;Nils;Kan;30.12.2019;63;;
Netherlands;NPB Padelcompetitie;MO;Andre;Karregat;30.12.2019;30;;
Netherlands;NPB Padelcompetitie;MO;Jeroen;Kasteel;30.12.2019;33;;
Netherlands;NPB Padelcompetitie;MO;Bert;Keek;30.12.2019;106;;
Netherlands;NPB Padelcompetitie;MO;Daan;Kegelaar;30.12.2019;6;;
Netherlands;NPB Padelcompetitie;MO;Bob;Kemna;30.12.2019;8;;
Netherlands;NPB Padelcompetitie;MO;Eric;Kersbergen;30.12.2019;4;;
Netherlands;NPB Padelcompetitie;MO;Pim;Kersting;30.12.2019;8;;
Netherlands;NPB Padelcompetitie;MO;Ruben;Kerver;30.12.2019;33;;
Netherlands;NPB Padelcompetitie;MO;Hans;Kes;30.12.2019;94;;
Netherlands;NPB Padelcompetitie;MO;Ferry;Kesselaar;30.12.2019;68;;
Netherlands;NPB Padelcompetitie;MO;Bart;Keuper;30.12.2019;169;;
Netherlands;NPB Padelcompetitie;MO;Hans;Klaassen;30.12.2019;10;;
Netherlands;NPB Padelcompetitie;MO;René;Klaassens;30.12.2019;36;;
Netherlands;NPB Padelcompetitie;MO;René;Klein Goldewjk;30.12.2019;16;;
Netherlands;NPB Padelcompetitie;MO;Ivo;Klerkx;30.12.2019;18;;
Netherlands;NPB Padelcompetitie;MO;Erik;Klooster;30.12.2019;80;;
Netherlands;NPB Padelcompetitie;MO;Dennis;Kloosterman;30.12.2019;16;;
Netherlands;NPB Padelcompetitie;MO;Sander;Kloppenburg;30.12.2019;3;;
Netherlands;NPB Padelcompetitie;MO;Marc;Kluft;30.12.2019;163;;
Netherlands;NPB Padelcompetitie;MO;Lucas;Knijn;30.12.2019;6;;
Netherlands;NPB Padelcompetitie;MO;Marcella;Koek;30.12.2019;140;;
Netherlands;NPB Padelcompetitie;MO;Roger;Koenen;30.12.2019;34;;
Netherlands;NPB Padelcompetitie;MO;Piet;Koetsier;30.12.2019;45;;
Netherlands;NPB Padelcompetitie;MO;Dave;Kok;30.12.2019;10;;
Netherlands;NPB Padelcompetitie;MO;Marchel;Komen;30.12.2019;36;;
Netherlands;NPB Padelcompetitie;MO;B.;Kooi;30.12.2019;50;;
Netherlands;NPB Padelcompetitie;MO;Jelle;Kooij;30.12.2019;57;;
Netherlands;NPB Padelcompetitie;MO;Ph;Kooima;30.12.2019;76;;
Netherlands;NPB Padelcompetitie;MO;Ruud;Kool;30.12.2019;11;;
Netherlands;NPB Padelcompetitie;MO;Marijn;Koot;30.12.2019;16;;
Netherlands;NPB Padelcompetitie;MO;Charlie;Koper;30.12.2019;841;;
Netherlands;NPB Padelcompetitie;MO;Rob;Koper;30.12.2019;29;;
Netherlands;NPB Padelcompetitie;MO;Jeroen;Kramer;30.12.2019;7;;
Netherlands;NPB Padelcompetitie;MO;Tim;Kriegsman;30.12.2019;9;;
Netherlands;NPB Padelcompetitie;MO;Easwaran;Krishnamurthy;30.12.2019;8;;
Netherlands;NPB Padelcompetitie;MO;Lars;Krommendijk;30.12.2019;12;;
Netherlands;NPB Padelcompetitie;MO;Rick;Kruize;30.12.2019;16;;
Netherlands;NPB Padelcompetitie;MO;Edu;Kühr;30.12.2019;47;;
Netherlands;NPB Padelcompetitie;MO;Frank;Kuijper;30.12.2019;6;;
Netherlands;NPB Padelcompetitie;MO;Jan;Kuiper;30.12.2019;24;;
Netherlands;NPB Padelcompetitie;MO;Bram;Kuitert;30.12.2019;67;;
Netherlands;NPB Padelcompetitie;MO;Kars;Kuitert;30.12.2019;30;;
Netherlands;NPB Padelcompetitie;MO;Kees;Kwakman;30.12.2019;82;;
Netherlands;NPB Padelcompetitie;MO;Koen;Kwakman;30.12.2019;18;;
Netherlands;NPB Padelcompetitie;MO;Thomas;Kwakman;30.12.2019;24;;
Netherlands;NPB Padelcompetitie;MO;Jan Dirk;Lagerweij;30.12.2019;6;;
Netherlands;NPB Padelcompetitie;MO;Dick;Laheij;30.12.2019;47;;
Netherlands;NPB Padelcompetitie;MO;Wieger;Lammers;30.12.2019;2;;
Netherlands;NPB Padelcompetitie;MO;Martijn;Lanenga;30.12.2019;35;;
Netherlands;NPB Padelcompetitie;MO;Marc;Lankamp;30.12.2019;44;;
Netherlands;NPB Padelcompetitie;MO;Lars;Laurens;30.12.2019;146;;
Netherlands;NPB Padelcompetitie;MO;R.S.;Laurens;30.12.2019;170;;
Netherlands;NPB Padelcompetitie;MO;Mattie;Leboux;30.12.2019;14;;
Netherlands;NPB Padelcompetitie;MO;Dirk;Lechner;30.12.2019;76;;
Netherlands;NPB Padelcompetitie;MO;Ron;Leermakers;30.12.2019;14;;
Netherlands;NPB Padelcompetitie;MO;Marc Leeuw;Leeuw;30.12.2019;22;;
Netherlands;NPB Padelcompetitie;MO;Bart;Lefel;30.12.2019;24;;
Netherlands;NPB Padelcompetitie;MO;Raoul;Lefévre;30.12.2019;9;;
Netherlands;NPB Padelcompetitie;MO;Toine;Leidelmeijer;30.12.2019;41;;
Netherlands;NPB Padelcompetitie;MO;Davey;Leijs;30.12.2019;14;;
Netherlands;NPB Padelcompetitie;MO;Dennis;Lennaerts;30.12.2019;9;;
Netherlands;NPB Padelcompetitie;MO;Albert;Leppink;30.12.2019;18;;
Netherlands;NPB Padelcompetitie;MO;Nico;Ligthart;30.12.2019;32;;
Netherlands;NPB Padelcompetitie;MO;Frank;Lim;30.12.2019;30;;
Netherlands;NPB Padelcompetitie;MO;Rene;Lindenbergh;30.12.2019;18;;
Netherlands;NPB Padelcompetitie;MO;Daniel;Lingen;30.12.2019;68;;
Netherlands;NPB Padelcompetitie;MO;Youri;Lit;30.12.2019;1;;
Netherlands;NPB Padelcompetitie;MO;Hessel;Loerts;30.12.2019;4;;
Netherlands;NPB Padelcompetitie;MO;Werner;Lootsma;30.12.2019;625;;
Netherlands;NPB Padelcompetitie;MO;Gerrit;Louter;30.12.2019;42;;
Netherlands;NPB Padelcompetitie;MO;Stijn;Louter;30.12.2019;36;;
Netherlands;NPB Padelcompetitie;MO;Jermaine;Lubbers;30.12.2019;69;;
Netherlands;NPB Padelcompetitie;MO;Alex;Luneman;30.12.2019;130;;
Netherlands;NPB Padelcompetitie;MO;Uriël;Maarsen;30.12.2019;600;;
Netherlands;NPB Padelcompetitie;MO;Jacco;Maaskant;30.12.2019;95;;
Netherlands;NPB Padelcompetitie;MO;Fabio;Magnani;30.12.2019;7;;
Netherlands;NPB Padelcompetitie;MO;Chris;Manasse;30.12.2019;75;;
Netherlands;NPB Padelcompetitie;MO;Willy;Mars;30.12.2019;6;;
Netherlands;NPB Padelcompetitie;MO;Antony;Martins;30.12.2019;57;;
Netherlands;NPB Padelcompetitie;MO;Roderik;Masselink;30.12.2019;35;;
Netherlands;NPB Padelcompetitie;MO;Paul;Mathot;30.12.2019;40;;
Netherlands;NPB Padelcompetitie;MO;Roland;Mathyi;30.12.2019;55;;
Netherlands;NPB Padelcompetitie;MO;Bram;Meijer;30.12.2019;700;;
Netherlands;NPB Padelcompetitie;MO;Hans;Meijer;30.12.2019;8;;
Netherlands;NPB Padelcompetitie;MO;Lex;Meijer;30.12.2019;251;;
Netherlands;NPB Padelcompetitie;MO;Sander;Meijer;30.12.2019;18;;
Netherlands;NPB Padelcompetitie;MO;Hans;Melaard;30.12.2019;196;;
Netherlands;NPB Padelcompetitie;MO;Jeroen;Menting;30.12.2019;24;;
Netherlands;NPB Padelcompetitie;MO;Gudo;Mes;30.12.2019;40;;
Netherlands;NPB Padelcompetitie;MO;Bas;Metten;30.12.2019;58;;
Netherlands;NPB Padelcompetitie;MO;Bart;Metze;30.12.2019;96;;
Netherlands;NPB Padelcompetitie;MO;Sjaak;Miltenburg;30.12.2019;2;;
Netherlands;NPB Padelcompetitie;MO;Michiel;Mol;30.12.2019;44;;
Netherlands;NPB Padelcompetitie;MO;Pieter;Molenaar;30.12.2019;32;;
Netherlands;NPB Padelcompetitie;MO;Roy;Molenaar;30.12.2019;6;;
Netherlands;NPB Padelcompetitie;MO;Peter;Moll;30.12.2019;4;;
Netherlands;NPB Padelcompetitie;MO;Martin Rackets;Monfils;30.12.2019;181;;
Netherlands;NPB Padelcompetitie;MO;Robert;Monné;30.12.2019;89;;
Netherlands;NPB Padelcompetitie;MO;Marcel;Mooijer;30.12.2019;4;;
Netherlands;NPB Padelcompetitie;MO;Dennis;Mulder;30.12.2019;3;;
Netherlands;NPB Padelcompetitie;MO;Erik;Mulder;30.12.2019;4;;
Netherlands;NPB Padelcompetitie;MO;Koen;Mulder;30.12.2019;14;;
Netherlands;NPB Padelcompetitie;MO;Pieter;Mulder;30.12.2019;20;;
Netherlands;NPB Padelcompetitie;MO;Frits;Muller;30.12.2019;7;;
Netherlands;NPB Padelcompetitie;MO;Rafael;Muñoz;30.12.2019;21;;
Netherlands;NPB Padelcompetitie;MO;Carlos Francisco;Muñoz Díaz;30.12.2019;18;;
Netherlands;NPB Padelcompetitie;MO;José Antonio;Muñoz Fernández;30.12.2019;92;;
Netherlands;NPB Padelcompetitie;MO;Paul;Neefjes;30.12.2019;50;;
Netherlands;NPB Padelcompetitie;MO;Berend;Negerman;30.12.2019;28;;
Netherlands;NPB Padelcompetitie;MO;Andrés;Nicolini;30.12.2019;18;;
Netherlands;NPB Padelcompetitie;MO;André;Nieuwhof;30.12.2019;3;;
Netherlands;NPB Padelcompetitie;MO;Dirk;Nijdam;30.12.2019;104;;
Netherlands;NPB Padelcompetitie;MO;Sido;Nijholt;30.12.2019;964;;
Netherlands;NPB Padelcompetitie;MO;Rob;Nijland;30.12.2019;3;;
Netherlands;NPB Padelcompetitie;MO;Andries;Nolles;30.12.2019;108;;
Netherlands;NPB Padelcompetitie;MO;Menno;Nolten;30.12.2019;498;;
Netherlands;NPB Padelcompetitie;MO;Chris;Nooij;30.12.2019;13;;
Netherlands;NPB Padelcompetitie;MO;Jan Pieter;Noordermeer;30.12.2019;16;;
Netherlands;NPB Padelcompetitie;MO;Jorrit;Notenboom;30.12.2019;161;;
Netherlands;NPB Padelcompetitie;MO;Rogier;Nusselder;30.12.2019;57;;
Netherlands;NPB Padelcompetitie;MO;Tonnis;Nuver;30.12.2019;52;;
Netherlands;NPB Padelcompetitie;MO;Max;Nuyens;30.12.2019;23;;
Netherlands;NPB Padelcompetitie;MO;Rob;Onrust;30.12.2019;16;;
Netherlands;NPB Padelcompetitie;MO;Edwin;Oosterhof;30.12.2019;72;;
Netherlands;NPB Padelcompetitie;MO;Aaik;Oosters;30.12.2019;38;;
Netherlands;NPB Padelcompetitie;MO;Niels;Oosterwijk;30.12.2019;21;;
Netherlands;NPB Padelcompetitie;MO;Jeroen;Oude Egbrink;30.12.2019;75;;
Netherlands;NPB Padelcompetitie;MO;Marco;Oudhuis;30.12.2019;22;;
Netherlands;NPB Padelcompetitie;MO;Chris;Overmars;30.12.2019;12;;
Netherlands;NPB Padelcompetitie;MO;Jesse;Overmars;30.12.2019;20;;
Netherlands;NPB Padelcompetitie;MO;Jordi;Palmero Miñana;30.12.2019;3;;
Netherlands;NPB Padelcompetitie;MO;Antonio José;Pastor Belda;30.12.2019;69;;
Netherlands;NPB Padelcompetitie;MO;Patrick;Paul;30.12.2019;80;;
Netherlands;NPB Padelcompetitie;MO;Cristian;Pavin;30.12.2019;26;;
Netherlands;NPB Padelcompetitie;MO;Niko;Pelzers;30.12.2019;18;;
Netherlands;NPB Padelcompetitie;MO;Thomas;Penders;30.12.2019;21;;
Netherlands;NPB Padelcompetitie;MO;Bart;Pepping;30.12.2019;17;;
Netherlands;NPB Padelcompetitie;MO;Frank;Pepping;30.12.2019;16;;
Netherlands;NPB Padelcompetitie;MO;Rodrigo;Perdigao;30.12.2019;54;;
Netherlands;NPB Padelcompetitie;MO;Antony;Peskens;30.12.2019;155;;
Netherlands;NPB Padelcompetitie;MO;Marco;Peuk;30.12.2019;42;;
Netherlands;NPB Padelcompetitie;MO;Mike;Pieroelie;30.12.2019;10;;
Netherlands;NPB Padelcompetitie;MO;Sebastiaan;Pijffers;30.12.2019;14;;
Netherlands;NPB Padelcompetitie;MO;Youri;Pijn;30.12.2019;7;;
Netherlands;NPB Padelcompetitie;MO;Bas;Polling;30.12.2019;39;;
Netherlands;NPB Padelcompetitie;MO;Jarno;Pons;30.12.2019;56;;
Netherlands;NPB Padelcompetitie;MO;Emanuel;Prins;30.12.2019;75;;
Netherlands;NPB Padelcompetitie;MO;Gert-Jan;Prins;30.12.2019;18;;
Netherlands;NPB Padelcompetitie;MO;Jaap;Pronk;30.12.2019;47;;
Netherlands;NPB Padelcompetitie;MO;Ed;Pruiksma;30.12.2019;10;;
Netherlands;NPB Padelcompetitie;MO;Erwin;Rabenberg;30.12.2019;30;;
Netherlands;NPB Padelcompetitie;MO;Marcel;Radings;30.12.2019;48;;
Netherlands;NPB Padelcompetitie;MO;Maarten;Rambach;30.12.2019;22;;
Netherlands;NPB Padelcompetitie;MO;Michael;Rasink;30.12.2019;80;;
Netherlands;NPB Padelcompetitie;MO;Patrick;Rasink;30.12.2019;28;;
Netherlands;NPB Padelcompetitie;MO;Jeroen;Ravestein;30.12.2019;11;;
Netherlands;NPB Padelcompetitie;MO;Martijn;Ravestein;30.12.2019;75;;
Netherlands;NPB Padelcompetitie;MO;Marnix;Reckman;30.12.2019;16;;
Netherlands;NPB Padelcompetitie;MO;Bloemendaal;Reedijk;30.12.2019;20;;
Netherlands;NPB Padelcompetitie;MO;Rini;Reimerink;30.12.2019;15;;
Netherlands;NPB Padelcompetitie;MO;Bonno;Reurs;30.12.2019;12;;
Netherlands;NPB Padelcompetitie;MO;Sten;Richters;30.12.2019;722;;
Netherlands;NPB Padelcompetitie;MO;Joost;Ridder;30.12.2019;23;;
Netherlands;NPB Padelcompetitie;MO;Tom;Rietberg;30.12.2019;3;;
Netherlands;NPB Padelcompetitie;MO;Stef;Rigaux;30.12.2019;154;;
Netherlands;NPB Padelcompetitie;MO;Maarten;Rill;30.12.2019;7;;
Netherlands;NPB Padelcompetitie;MO;Marc;Ripoll Breetvelt;30.12.2019;85;;
Netherlands;NPB Padelcompetitie;MO;Maarten;Ritsma;30.12.2019;7;;
Netherlands;NPB Padelcompetitie;MO;Arjen;Robben;30.12.2019;30;;
Netherlands;NPB Padelcompetitie;MO;Andreu;Rodríguez;30.12.2019;15;;
Netherlands;NPB Padelcompetitie;MO;Jorge;Roel;30.12.2019;87;;
Netherlands;NPB Padelcompetitie;MO;Léon;Roger de Campagnolle;30.12.2019;26;;
Netherlands;NPB Padelcompetitie;MO;Arwin;Romelin;30.12.2019;712;;
Netherlands;NPB Padelcompetitie;MO;Thijs;Roper;30.12.2019;70;;
Netherlands;NPB Padelcompetitie;MO;Mark;Ros;30.12.2019;7;;
Netherlands;NPB Padelcompetitie;MO;Nieves;Ros Soto;30.12.2019;80;;
Netherlands;NPB Padelcompetitie;MO;Juan Fernando;Rowies;30.12.2019;52;;
Netherlands;NPB Padelcompetitie;MO;Leandro Matías;Rowies;30.12.2019;24;;
Netherlands;NPB Padelcompetitie;MO;Jan;Runderkamp;30.12.2019;42;;
Netherlands;NPB Padelcompetitie;MO;Marnick;Ryckaert;30.12.2019;501;;
Netherlands;NPB Padelcompetitie;MO;Domenico;Sainato;30.12.2019;37;;
Netherlands;NPB Padelcompetitie;MO;José;Sánchez;30.12.2019;58;;
Netherlands;NPB Padelcompetitie;MO;Kees;Schilder;30.12.2019;45;;
Netherlands;NPB Padelcompetitie;MO;Bert;Schipper;30.12.2019;18;;
Netherlands;NPB Padelcompetitie;MO;Sjoerd;Schneider;30.12.2019;30;;
Netherlands;NPB Padelcompetitie;MO;Piet;Scholma;30.12.2019;53;;
Netherlands;NPB Padelcompetitie;MO;Hans;Scholten;30.12.2019;46;;
Netherlands;NPB Padelcompetitie;MO;Gilles;Schouls;30.12.2019;80;;
Netherlands;NPB Padelcompetitie;MO;Remo;Schrama;30.12.2019;56;;
Netherlands;NPB Padelcompetitie;MO;Kees-jan;Schuilenburg;30.12.2019;118;;
Netherlands;NPB Padelcompetitie;MO;Mathijs;Schuurman;30.12.2019;113;;
Netherlands;NPB Padelcompetitie;MO;Ruud;Serraarens;30.12.2019;9;;
Netherlands;NPB Padelcompetitie;MO;Tim;Serraarens;30.12.2019;43;;
Netherlands;NPB Padelcompetitie;MO;Nikolai;Shelepov;30.12.2019;16;;
Netherlands;NPB Padelcompetitie;MO;Rudi;Sibma;30.12.2019;40;;
Netherlands;NPB Padelcompetitie;MO;Robin;Sietsma;30.12.2019;999;;
Netherlands;NPB Padelcompetitie;MO;Koen;Sijm;30.12.2019;21;;
Netherlands;NPB Padelcompetitie;MO;Frank;Slangen;30.12.2019;46;;
Netherlands;NPB Padelcompetitie;MO;Peter;Slangen;30.12.2019;91;;
Netherlands;NPB Padelcompetitie;MO;Ricardo;Sleeckx;30.12.2019;19;;
Netherlands;NPB Padelcompetitie;MO;Vincent;Sleeking;30.12.2019;85;;
Netherlands;NPB Padelcompetitie;MO;Timo;Slootweg;30.12.2019;6;;
Netherlands;NPB Padelcompetitie;MO;Sjoerd;Slot;30.12.2019;8;;
Netherlands;NPB Padelcompetitie;MO;Laurens Slump;Slump;30.12.2019;16;;
Netherlands;NPB Padelcompetitie;MO;Elmer;Smaling;30.12.2019;12;;
Netherlands;NPB Padelcompetitie;MO;Jos;Smeitink;30.12.2019;14;;
Netherlands;NPB Padelcompetitie;MO;J.R;Smink;30.12.2019;17;;
Netherlands;NPB Padelcompetitie;MO;Brian;Smit;30.12.2019;7;;
Netherlands;NPB Padelcompetitie;MO;Tim;Smit;30.12.2019;11;;
Netherlands;NPB Padelcompetitie;MO;Cesar;Smits;30.12.2019;40;;
Netherlands;NPB Padelcompetitie;MO;Jaap;Smits;30.12.2019;18;;
Netherlands;NPB Padelcompetitie;MO;Edwin;Snel;30.12.2019;24;;
Netherlands;NPB Padelcompetitie;MO;Rob;Snel;30.12.2019;16;;
Netherlands;NPB Padelcompetitie;MO;Joost;Snellink;30.12.2019;152;;
Netherlands;NPB Padelcompetitie;MO;Frank;Snels;30.12.2019;28;;
Netherlands;NPB Padelcompetitie;MO;Andre;Snoek;30.12.2019;8;;
Netherlands;NPB Padelcompetitie;MO;Brian;Sorgdrager;30.12.2019;3;;
Netherlands;NPB Padelcompetitie;MO;Hijko;Souwer;30.12.2019;70;;
Netherlands;NPB Padelcompetitie;MO;Marald;Speelman;30.12.2019;8;;
Netherlands;NPB Padelcompetitie;MO;Rene;Spelt;30.12.2019;36;;
Netherlands;NPB Padelcompetitie;MO;Bauke;Spijkerman;30.12.2019;8;;
Netherlands;NPB Padelcompetitie;MO;Pete;Spittaels;30.12.2019;16;;
Netherlands;NPB Padelcompetitie;MO;Rob;Sprakel;30.12.2019;32;;
Netherlands;NPB Padelcompetitie;MO;Jasper;Stam;30.12.2019;6;;
Netherlands;NPB Padelcompetitie;MO;Fred;Steenbergen;30.12.2019;2;;
Netherlands;NPB Padelcompetitie;MO;Wessel;Steenis;30.12.2019;81;;
Netherlands;NPB Padelcompetitie;MO;Joeri;Stokman;30.12.2019;3;;
Netherlands;NPB Padelcompetitie;MO;Martin;Straathof;30.12.2019;12;;
Netherlands;NPB Padelcompetitie;MO;Bas;Stroeken;30.12.2019;50;;
Netherlands;NPB Padelcompetitie;MO;Patrick;Struijk;30.12.2019;4;;
Netherlands;NPB Padelcompetitie;MO;Oleg;Sukac;30.12.2019;33;;
Netherlands;NPB Padelcompetitie;MO;Nathan;Swaters;30.12.2019;82;;
Netherlands;NPB Padelcompetitie;MO;Jelle;Syswerda;30.12.2019;47;;
Netherlands;NPB Padelcompetitie;MO;Kay;te Wierik;30.12.2019;34;;
Netherlands;NPB Padelcompetitie;MO;Michiel;Teeling;30.12.2019;17;;
Netherlands;NPB Padelcompetitie;MO;Tom;Tenniglo;30.12.2019;36;;
Netherlands;NPB Padelcompetitie;MO;Mathijs;ter Haar;30.12.2019;1254;;
Netherlands;NPB Padelcompetitie;MO;Djerry;Tervoort;30.12.2019;24;;
Netherlands;NPB Padelcompetitie;MO;Jordi;Teunissen;30.12.2019;8;;
Netherlands;NPB Padelcompetitie;MO;Martijn;Thomas;30.12.2019;143;;
Netherlands;NPB Padelcompetitie;MO;Peter;Timmermans;30.12.2019;3;;
Netherlands;NPB Padelcompetitie;MO;Enrique;Tintore;30.12.2019;31;;
Netherlands;NPB Padelcompetitie;MO;Nevil;Tjon;30.12.2019;12;;
Netherlands;NPB Padelcompetitie;MO;Carlo;Tol;30.12.2019;55;;
Netherlands;NPB Padelcompetitie;MO;Olivier;Tolk;30.12.2019;125;;
Netherlands;NPB Padelcompetitie;MO;Wouter;Tollenaar;30.12.2019;14;;
Netherlands;NPB Padelcompetitie;MO;Jasper;Tonkelaar;30.12.2019;38;;
Netherlands;NPB Padelcompetitie;MO;Rutger;Top;30.12.2019;6;;
Netherlands;NPB Padelcompetitie;MO;Milan;Tovar;30.12.2019;67;;
Netherlands;NPB Padelcompetitie;MO;Niki;Troquet;30.12.2019;7;;
Netherlands;NPB Padelcompetitie;MO;Erik;Tuenter;30.12.2019;55;;
Netherlands;NPB Padelcompetitie;MO;Ron;Tuijp;30.12.2019;152;;
Netherlands;NPB Padelcompetitie;MO;Richard;Tukkers;30.12.2019;24;;
Netherlands;NPB Padelcompetitie;MO;Edwin;Twigt;30.12.2019;10;;
Netherlands;NPB Padelcompetitie;MO;Rolf;Twigt;30.12.2019;26;;
Netherlands;NPB Padelcompetitie;MO;Vincent;Uden;30.12.2019;54;;
Netherlands;NPB Padelcompetitie;MO;Fred;Uenk;30.12.2019;3;;
Netherlands;NPB Padelcompetitie;MO;Timo;Vagevuur;30.12.2019;26;;
Netherlands;NPB Padelcompetitie;MO;Alessandro;Valentini;30.12.2019;86;;
Netherlands;NPB Padelcompetitie;MO;David;van Baarle;30.12.2019;68;;
Netherlands;NPB Padelcompetitie;MO;Jeroen;van Beek;30.12.2019;4;;
Netherlands;NPB Padelcompetitie;MO;Erik;van Berkum;30.12.2019;70;;
Netherlands;NPB Padelcompetitie;MO;Gerrit;van Beusekom;30.12.2019;24;;
Netherlands;NPB Padelcompetitie;MO;Daan;van Bunge;30.12.2019;40;;
Netherlands;NPB Padelcompetitie;MO;Roy;van Buren;30.12.2019;6;;
Netherlands;NPB Padelcompetitie;MO;Piotr;van Dalfsen;30.12.2019;814;;
Netherlands;NPB Padelcompetitie;MO;Henk;van de Beek;30.12.2019;42;;
Netherlands;NPB Padelcompetitie;MO;Twan;van de Geijn;30.12.2019;7;;
Netherlands;NPB Padelcompetitie;MO;Gerard;van de Heg;30.12.2019;6;;
Netherlands;NPB Padelcompetitie;MO;Dick;van de Kamp;30.12.2019;14;;
Netherlands;NPB Padelcompetitie;MO;Wouter;van de Ridder;30.12.2019;600;;
Netherlands;NPB Padelcompetitie;MO;Rob;van de Riet;30.12.2019;3;;
Netherlands;NPB Padelcompetitie;MO;Tijmen;van de Ven;30.12.2019;8;;
Netherlands;NPB Padelcompetitie;MO;Willem;van de Vis;30.12.2019;10;;
Netherlands;NPB Padelcompetitie;MO;John;van den Berg;30.12.2019;14;;
Netherlands;NPB Padelcompetitie;MO;Remco;van den Berg;30.12.2019;13;;
Netherlands;NPB Padelcompetitie;MO;Sep;van den Berg;30.12.2019;25;;
Netherlands;NPB Padelcompetitie;MO;Peter;van den Bos;30.12.2019;127;;
Netherlands;NPB Padelcompetitie;MO;Erwin;van den Bree;30.12.2019;47;;
Netherlands;NPB Padelcompetitie;MO;Bert;van den Brink;30.12.2019;49;;
Netherlands;NPB Padelcompetitie;MO;Glenn;van den Brink;30.12.2019;83;;
Netherlands;NPB Padelcompetitie;MO;Philip;van den Brink;30.12.2019;67;;
Netherlands;NPB Padelcompetitie;MO;Frans;van den Brule;30.12.2019;14;;
Netherlands;NPB Padelcompetitie;MO;Niels;van den Dool;30.12.2019;91;;
Netherlands;NPB Padelcompetitie;MO;Cilvion;van den Heuvel;30.12.2019;64;;
Netherlands;NPB Padelcompetitie;MO;Paul;van den Oetelaar;30.12.2019;26;;
Netherlands;NPB Padelcompetitie;MO;Martijn;van den Zuckerberg;30.12.2019;8;;
Netherlands;NPB Padelcompetitie;MO;Theo;van der Geer;30.12.2019;30;;
Netherlands;NPB Padelcompetitie;MO;René;van der Griend;30.12.2019;54;;
Netherlands;NPB Padelcompetitie;MO;Robbert;van der Griend;30.12.2019;66;;
Netherlands;NPB Padelcompetitie;MO;Yoran;van der Hoofd;30.12.2019;8;;
Netherlands;NPB Padelcompetitie;MO;Jan;van der Kamp;30.12.2019;8;;
Netherlands;NPB Padelcompetitie;MO;Michael;van der Knoop;30.12.2019;36;;
Netherlands;NPB Padelcompetitie;MO;A.J.;van der Mast;30.12.2019;35;;
Netherlands;NPB Padelcompetitie;MO;Ron;van der Meer;30.12.2019;4;;
Netherlands;NPB Padelcompetitie;MO;Theo;van der Meer;30.12.2019;26;;
Netherlands;NPB Padelcompetitie;MO;Mark;van der Ploeg;30.12.2019;18;;
Netherlands;NPB Padelcompetitie;MO;Fred;van der Salm;30.12.2019;14;;
Netherlands;NPB Padelcompetitie;MO;Daniël;van der Sleen;30.12.2019;6;;
Netherlands;NPB Padelcompetitie;MO;Anton;van der Sluis;30.12.2019;4;;
Netherlands;NPB Padelcompetitie;MO;Yoeri;van der Sman;30.12.2019;8;;
Netherlands;NPB Padelcompetitie;MO;Erik;van der Spek;30.12.2019;110;;
Netherlands;NPB Padelcompetitie;MO;Leander;van der Vaart;30.12.2019;18;;
Netherlands;NPB Padelcompetitie;MO;Gerben;van der Velde;30.12.2019;10;;
Netherlands;NPB Padelcompetitie;MO;Charles;van der Vlis;30.12.2019;7;;
Netherlands;NPB Padelcompetitie;MO;Elmer F;van der Windt;30.12.2019;44;;
Netherlands;NPB Padelcompetitie;MO;Bas;van der Zanden;30.12.2019;186;;
Netherlands;NPB Padelcompetitie;MO;Danill;van Dijk;30.12.2019;202;;
Netherlands;NPB Padelcompetitie;MO;Floris;van Dijk;30.12.2019;16;;
Netherlands;NPB Padelcompetitie;MO;Ivo;van Dijk;30.12.2019;414;;
Netherlands;NPB Padelcompetitie;MO;Randy;van Dorst;30.12.2019;40;;
Netherlands;NPB Padelcompetitie;MO;Rick;van Dulst;30.12.2019;14;;
Netherlands;NPB Padelcompetitie;MO;Ruud;van Eijl;30.12.2019;50;;
Netherlands;NPB Padelcompetitie;MO;Harry;van Emmerik;30.12.2019;21;;
Netherlands;NPB Padelcompetitie;MO;Henny;van Emmerik;30.12.2019;2;;
Netherlands;NPB Padelcompetitie;MO;Freek;van Es;30.12.2019;47;;
Netherlands;NPB Padelcompetitie;MO;Rien;van Es;30.12.2019;18;;
Netherlands;NPB Padelcompetitie;MO;Theo;van Gorkom;30.12.2019;25;;
Netherlands;NPB Padelcompetitie;MO;Jasper;van Gosen;30.12.2019;86;;
Netherlands;NPB Padelcompetitie;MO;Ruud;van Hees;30.12.2019;311;;
Netherlands;NPB Padelcompetitie;MO;Pim;van Heijst;30.12.2019;7;;
Netherlands;NPB Padelcompetitie;MO;Maikel van Herel;van Herel;30.12.2019;59;;
Netherlands;NPB Padelcompetitie;MO;Rudolph;van Hilten;30.12.2019;18;;
Netherlands;NPB Padelcompetitie;MO;Rob;van Kemenade;30.12.2019;40;;
Netherlands;NPB Padelcompetitie;MO;Edwin;van Lambalgen;30.12.2019;3;;
Netherlands;NPB Padelcompetitie;MO;Ronny;van Langendonck;30.12.2019;50;;
Netherlands;NPB Padelcompetitie;MO;Allard;van Leerdam;30.12.2019;28;;
Netherlands;NPB Padelcompetitie;MO;Erwin;van Leeuwen;30.12.2019;27;;
Netherlands;NPB Padelcompetitie;MO;Ton;van Liempt;30.12.2019;3;;
Netherlands;NPB Padelcompetitie;MO;Ronald;van Liemt;30.12.2019;87;;
Netherlands;NPB Padelcompetitie;MO;Paul;van Lier;30.12.2019;14;;
Netherlands;NPB Padelcompetitie;MO;Albert;van Lunteren;30.12.2019;18;;
Netherlands;NPB Padelcompetitie;MO;Thomas;van Maanen;30.12.2019;6;;
Netherlands;NPB Padelcompetitie;MO;Kaspar;van Munster;30.12.2019;34;;
Netherlands;NPB Padelcompetitie;MO;Sven;van Opijnen;30.12.2019;1;;
Netherlands;NPB Padelcompetitie;MO;Edgar;van Perlo;30.12.2019;56;;
Netherlands;NPB Padelcompetitie;MO;Marco;van Pinxteren;30.12.2019;8;;
Netherlands;NPB Padelcompetitie;MO;Fred;van Ruissen;30.12.2019;317;;
Netherlands;NPB Padelcompetitie;MO;Victor;van Ruissen;30.12.2019;766;;
Netherlands;NPB Padelcompetitie;MO;Sebastian;van Sleen;30.12.2019;42;;
Netherlands;NPB Padelcompetitie;MO;Emil;van Stormbroek;30.12.2019;20;;
Netherlands;NPB Padelcompetitie;MO;Erik;van Swaay;30.12.2019;48;;
Netherlands;NPB Padelcompetitie;MO;Remco;van 't Hof;30.12.2019;53;;
Netherlands;NPB Padelcompetitie;MO;Joost;van Ulsen;30.12.2019;3;;
Netherlands;NPB Padelcompetitie;MO;Bas;van Velzen;30.12.2019;25;;
Netherlands;NPB Padelcompetitie;MO;Koen;van Vliet;30.12.2019;17;;
Netherlands;NPB Padelcompetitie;MO;Arjo;van Vueren;30.12.2019;34;;
Netherlands;NPB Padelcompetitie;MO;Leon;van Wanrooij;30.12.2019;52;;
Netherlands;NPB Padelcompetitie;MO;René;van Weerdt;30.12.2019;69;;
Netherlands;NPB Padelcompetitie;MO;Nicolaas;van Westen;30.12.2019;8;;
Netherlands;NPB Padelcompetitie;MO;Mark;van Wijngaarden;30.12.2019;56;;
Netherlands;NPB Padelcompetitie;MO;Vincent;van Zutphen;30.12.2019;16;;
Netherlands;NPB Padelcompetitie;MO;Dennis;van Zwieten;30.12.2019;14;;
Netherlands;NPB Padelcompetitie;MO;Roel;Vanmaele;30.12.2019;16;;
Netherlands;NPB Padelcompetitie;MO;Guy;Vanwijck;30.12.2019;16;;
Netherlands;NPB Padelcompetitie;MO;Martijn;Varwijk;30.12.2019;52;;
Netherlands;NPB Padelcompetitie;MO;Martijn;Vast;30.12.2019;351;;
Netherlands;NPB Padelcompetitie;MO;Jesse;Veenstra;30.12.2019;157;;
Netherlands;NPB Padelcompetitie;MO;Niels;Veenstra;30.12.2019;23;;
Netherlands;NPB Padelcompetitie;MO;Jasper;Veldhuis;30.12.2019;69;;
Netherlands;NPB Padelcompetitie;MO;Tycho;Veldkamp;30.12.2019;1;;
Netherlands;NPB Padelcompetitie;MO;Herman;Veluwenkamp;30.12.2019;16;;
Netherlands;NPB Padelcompetitie;MO;Jerry;Verbeek;30.12.2019;35;;
Netherlands;NPB Padelcompetitie;MO;Arjan;Verburgt;30.12.2019;14;;
Netherlands;NPB Padelcompetitie;MO;Javier;Verdegem;30.12.2019;76;;
Netherlands;NPB Padelcompetitie;MO;Roy;Verdegem;30.12.2019;218;;
Netherlands;NPB Padelcompetitie;MO;Tycho;Vergeer;30.12.2019;165;;
Netherlands;NPB Padelcompetitie;MO;Mike;Verhart;30.12.2019;8;;
Netherlands;NPB Padelcompetitie;MO;Aart;Verhoef;30.12.2019;70;;
Netherlands;NPB Padelcompetitie;MO;Bram;Vernhout;30.12.2019;50;;
Netherlands;NPB Padelcompetitie;MO;Bart;Verouden;30.12.2019;20;;
Netherlands;NPB Padelcompetitie;MO;Eric;Ververs;30.12.2019;79;;
Netherlands;NPB Padelcompetitie;MO;Erik;Veurman;30.12.2019;20;;
Netherlands;NPB Padelcompetitie;MO;Ramón;Vilaplana;30.12.2019;192;;
Netherlands;NPB Padelcompetitie;MO;Pedro;Vilar;30.12.2019;10;;
Netherlands;NPB Padelcompetitie;MO;Julian;Vink;30.12.2019;54;;
Netherlands;NPB Padelcompetitie;MO;Rob;Visschedijk;30.12.2019;16;;
Netherlands;NPB Padelcompetitie;MO;Jan;Visscher;30.12.2019;6;;
Netherlands;NPB Padelcompetitie;MO;Luite;Visscher;30.12.2019;32;;
Netherlands;NPB Padelcompetitie;MO;Dick;Visser;30.12.2019;39;;
Netherlands;NPB Padelcompetitie;MO;Jorg;Visser;30.12.2019;16;;
Netherlands;NPB Padelcompetitie;MO;Pim;Visser;30.12.2019;10;;
Netherlands;NPB Padelcompetitie;MO;René;Visser;30.12.2019;47;;
Netherlands;NPB Padelcompetitie;MO;Daniel;Vivanco;30.12.2019;7;;
Netherlands;NPB Padelcompetitie;MO;Frank;Vlaar;30.12.2019;4;;
Netherlands;NPB Padelcompetitie;MO;Ronald;Vlug;30.12.2019;19;;
Netherlands;NPB Padelcompetitie;MO;Niels;Vonk;30.12.2019;23;;
Netherlands;NPB Padelcompetitie;MO;Michel;Voors;30.12.2019;4;;
Netherlands;NPB Padelcompetitie;MO;Paul;Voors;30.12.2019;8;;
Netherlands;NPB Padelcompetitie;MO;Jaap;Vos;30.12.2019;80;;
Netherlands;NPB Padelcompetitie;MO;Jan-Willem;Vos;30.12.2019;7;;
Netherlands;NPB Padelcompetitie;MO;Kevin;Vriend;30.12.2019;210;;
Netherlands;NPB Padelcompetitie;MO;Luc;Vroom;30.12.2019;4;;
Netherlands;NPB Padelcompetitie;MO;Matthew;Vuijk;30.12.2019;16;;
Netherlands;NPB Padelcompetitie;MO;Wim;Wakkerman;30.12.2019;8;;
Netherlands;NPB Padelcompetitie;MO;Stanley;Walters;30.12.2019;23;;
Netherlands;NPB Padelcompetitie;MO;Ward;Ward Teertstra;30.12.2019;28;;
Netherlands;NPB Padelcompetitie;MO;Niek;Wargers;30.12.2019;40;;
Netherlands;NPB Padelcompetitie;MO;Ewan;Watson;30.12.2019;73;;
Netherlands;NPB Padelcompetitie;MO;Rob;Weeber;30.12.2019;34;;
Netherlands;NPB Padelcompetitie;MO;Wiebe Jan;Weerman;30.12.2019;8;;
Netherlands;NPB Padelcompetitie;MO;Dennis;Wellink;30.12.2019;105;;
Netherlands;NPB Padelcompetitie;MO;Paul;Wennink;30.12.2019;4;;
Netherlands;NPB Padelcompetitie;MO;Odin;Wenting;30.12.2019;3;;
Netherlands;NPB Padelcompetitie;MO;Polle;Westbroek;30.12.2019;70;;
Netherlands;NPB Padelcompetitie;MO;Hein;Westermann;30.12.2019;7;;
Netherlands;NPB Padelcompetitie;MO;Stan;Westermann;30.12.2019;81;;
Netherlands;NPB Padelcompetitie;MO;Bram;Wever;30.12.2019;34;;
Netherlands;NPB Padelcompetitie;MO;Robert;Wezeman;30.12.2019;68;;
Netherlands;NPB Padelcompetitie;MO;Gerco;Wicherson;30.12.2019;43;;
Netherlands;NPB Padelcompetitie;MO;Sander;Wiegers;30.12.2019;21;;
Netherlands;NPB Padelcompetitie;MO;Thijs;Wijma;30.12.2019;48;;
Netherlands;NPB Padelcompetitie;MO;Bas;Wijnhoven;30.12.2019;70;;
Netherlands;NPB Padelcompetitie;MO;Bart;Wildenburg;30.12.2019;58;;
Netherlands;NPB Padelcompetitie;MO;Michel;Willems;30.12.2019;10;;
Netherlands;NPB Padelcompetitie;MO;Roman;Wink;30.12.2019;77;;
Netherlands;NPB Padelcompetitie;MO;Stefan;Wink;30.12.2019;37;;
Netherlands;NPB Padelcompetitie;MO;Tim;Winkler;30.12.2019;28;;
Netherlands;NPB Padelcompetitie;MO;Bas;Witteveen;30.12.2019;22;;
Netherlands;NPB Padelcompetitie;MO;Dirk;Witteveen;30.12.2019;24;;
Netherlands;NPB Padelcompetitie;MO;Tim;Wolters;30.12.2019;172;;
Netherlands;NPB Padelcompetitie;MO;Jan;Zeilstra;30.12.2019;312;;
Netherlands;NPB Padelcompetitie;MO;José;Zofío;30.12.2019;12;;
Netherlands;NPB Padelcompetitie;MO;Albert;Zonderland;30.12.2019;6;;
Netherlands;NPB Padelcompetitie;MO;Sjoerd;Zonderland;30.12.2019;6;;
Netherlands;NPB Padelcompetitie;MO;Jeffrey;Zoutendijk;30.12.2019;14;;
Netherlands;NPB Padelcompetitie;MO;Jaap;Zuidhoek;30.12.2019;40;;
Netherlands;NPB Padelcompetitie;MO;Jan;Zuurbier;30.12.2019;18;;
Netherlands;NPB Padelcompetitie;MO;Bas;Zwartendijk;30.12.2019;95;;
Netherlands;NPB Padelcompetitie;MO;Pieter;Zwarthoed;30.12.2019;34;;
Netherlands;NPB Padelcompetitie;MO;Martin;Zwuup;30.12.2019;10;;
Netherlands;NPB Padelcompetitie;WO;Marcella;Koek;30.12.2019;1050;;
Netherlands;NPB Padelcompetitie;WO;Milou;Ettekoven;30.12.2019;1050;;
Netherlands;NPB Padelcompetitie;WO;Sanne;Bouma;30.12.2019;515;;
Netherlands;NPB Padelcompetitie;WO;Ina;van Lavieren;30.12.2019;441;;
Netherlands;NPB Padelcompetitie;WO;Violet;Hendriks;30.12.2019;413;;
Netherlands;NPB Padelcompetitie;WO;Thea;Voors;30.12.2019;362;;
Netherlands;NPB Padelcompetitie;WO;Yvonne;Peeters;30.12.2019;252;;
Netherlands;NPB Padelcompetitie;WO;Karlien;Bijlsma;30.12.2019;252;;
Netherlands;NPB Padelcompetitie;WO;Iris;Sterkenburg;30.12.2019;240;;
Netherlands;NPB Padelcompetitie;WO;Smolders;Mena;30.12.2019;180;;
Netherlands;NPB Padelcompetitie;WO;Kim;Heneweer-van Duin;30.12.2019;179;;
Netherlands;NPB Padelcompetitie;WO;Margreet;Prins;30.12.2019;174;;
Netherlands;NPB Padelcompetitie;WO;Nikki;Kolman;30.12.2019;164;;
Netherlands;NPB Padelcompetitie;WO;Marianne;van Zanten;30.12.2019;162;;
Netherlands;NPB Padelcompetitie;WO;Olga;Cosic;30.12.2019;156;;
Netherlands;NPB Padelcompetitie;WO;Ivette;van Gemert;30.12.2019;156;;
Netherlands;NPB Padelcompetitie;WO;Laura;Stokkel;30.12.2019;154;;
Netherlands;NPB Padelcompetitie;WO;Paula;Anthonijsz;30.12.2019;150;;
Netherlands;NPB Padelcompetitie;WO;Patricia;Kalshoven;30.12.2019;150;;
Netherlands;NPB Padelcompetitie;WO;Jolanda;de Jong;30.12.2019;144;;
Netherlands;NPB Padelcompetitie;WO;Cindy;Huberts;30.12.2019;132;;
Netherlands;NPB Padelcompetitie;WO;Gabriela;van Ooststroom;30.12.2019;124;;
Netherlands;NPB Padelcompetitie;WO;Marielle;de Roos;30.12.2019;120;;
Netherlands;NPB Padelcompetitie;WO;Femke;Fennema;30.12.2019;108;;
Netherlands;NPB Padelcompetitie;WO;Anouk;Aveskamp;30.12.2019;104;;
Netherlands;NPB Padelcompetitie;WO;Anouk;Roesink;30.12.2019;104;;
Netherlands;NPB Padelcompetitie;WO;Brigitte;Pluijmers;30.12.2019;103;;
Netherlands;NPB Padelcompetitie;WO;Natalie;van der Horst;30.12.2019;98;;
Netherlands;NPB Padelcompetitie;WO;Daisy;Stoelers;30.12.2019;92;;
Netherlands;NPB Padelcompetitie;WO;Esther;van Jaarsveld;30.12.2019;92;;
Netherlands;NPB Padelcompetitie;WO;Leonie;Oudshoorn;30.12.2019;90;;
Netherlands;NPB Padelcompetitie;WO;Ann;de Haan-Slager;30.12.2019;87;;
Netherlands;NPB Padelcompetitie;WO;Gerlanda;Haven - Jonkman;30.12.2019;80;;
Netherlands;NPB Padelcompetitie;WO;Mirjam;van Roer;30.12.2019;76;;
Netherlands;NPB Padelcompetitie;WO;Aranka;Huijberts;30.12.2019;76;;
Netherlands;NPB Padelcompetitie;WO;Josien;Boverhof;30.12.2019;74;;
Netherlands;NPB Padelcompetitie;WO;Victòria;Pascal;30.12.2019;74;;
Netherlands;NPB Padelcompetitie;WO;Puck;Smies;30.12.2019;72;;
Netherlands;NPB Padelcompetitie;WO;Marian;Macco;30.12.2019;71;;
Netherlands;NPB Padelcompetitie;WO;Yvonne;Groenendijk;30.12.2019;70;;
Netherlands;NPB Padelcompetitie;WO;Susanne;Munting;30.12.2019;69;;
Netherlands;NPB Padelcompetitie;WO;Pauke;Plochg-Kaija;30.12.2019;66;;
Netherlands;NPB Padelcompetitie;WO;Fen;Rauwerdink;30.12.2019;65;;
Netherlands;NPB Padelcompetitie;WO;Sonja;Verlinden;30.12.2019;64;;
Netherlands;NPB Padelcompetitie;WO;Hester;Witvoet;30.12.2019;60;;
Netherlands;NPB Padelcompetitie;WO;Maaike;Springorum;30.12.2019;56;;
Netherlands;NPB Padelcompetitie;WO;Rebecca;Kerseboom;30.12.2019;54;;
Netherlands;NPB Padelcompetitie;WO;Diana;Gutiérrez;30.12.2019;53;;
Netherlands;NPB Padelcompetitie;WO;Caroline;Neimeijer;30.12.2019;52;;
Netherlands;NPB Padelcompetitie;WO;Mara;Malicki;30.12.2019;52;;
Netherlands;NPB Padelcompetitie;WO;Sascha;Idema;30.12.2019;51;;
Netherlands;NPB Padelcompetitie;WO;Lucie;Jonkman;30.12.2019;48;;
Netherlands;NPB Padelcompetitie;WO;Nathalie;Harder;30.12.2019;47;;
Netherlands;NPB Padelcompetitie;WO;Manon;Wilkes;30.12.2019;46;;
Netherlands;NPB Padelcompetitie;WO;Beatriz;Gómez;30.12.2019;46;;
Netherlands;NPB Padelcompetitie;WO;Evelien;Boerkamp;30.12.2019;46;;
Netherlands;NPB Padelcompetitie;WO;Patricia;Dankert;30.12.2019;46;;
Netherlands;NPB Padelcompetitie;WO;Annemarie;Doddema;30.12.2019;44;;
Netherlands;NPB Padelcompetitie;WO;Lilian;Boerkamp;30.12.2019;44;;
Netherlands;NPB Padelcompetitie;WO;Wendela;Kok;30.12.2019;44;;
Netherlands;NPB Padelcompetitie;WO;Caren;van der Harst;30.12.2019;44;;
Netherlands;NPB Padelcompetitie;WO;Loes;Meijer;30.12.2019;42;;
Netherlands;NPB Padelcompetitie;WO;Edith;Ten Cate;30.12.2019;42;;
Netherlands;NPB Padelcompetitie;WO;Susanne;Arts;30.12.2019;40;;
Netherlands;NPB Padelcompetitie;WO;Mirjam;Haenen;30.12.2019;40;;
Netherlands;NPB Padelcompetitie;WO;Merel;van Houten;30.12.2019;40;;
Netherlands;NPB Padelcompetitie;WO;Esther;Scholma;30.12.2019;39;;
Netherlands;NPB Padelcompetitie;WO;Denise;Geurtsen;30.12.2019;38;;
Netherlands;NPB Padelcompetitie;WO;Ane;Rebolledo;30.12.2019;38;;
Netherlands;NPB Padelcompetitie;WO;Carly;Sieval;30.12.2019;36;;
Netherlands;NPB Padelcompetitie;WO;Jose;Kocken;30.12.2019;36;;
Netherlands;NPB Padelcompetitie;WO;Maria Terese Benito;Planas;30.12.2019;36;;
Netherlands;NPB Padelcompetitie;WO;Angelique;Rogaar;30.12.2019;34;;
Netherlands;NPB Padelcompetitie;WO;Carmen;Zijl;30.12.2019;34;;
Netherlands;NPB Padelcompetitie;WO;Mylène;van 't Hart;30.12.2019;34;;
Netherlands;NPB Padelcompetitie;WO;Rinke;van den Berg;30.12.2019;34;;
Netherlands;NPB Padelcompetitie;WO;Heidi;van Leest;30.12.2019;33;;
Netherlands;NPB Padelcompetitie;WO;Marjolein;Pronk;30.12.2019;32;;
Netherlands;NPB Padelcompetitie;WO;Annemiek;van Munster;30.12.2019;32;;
Netherlands;NPB Padelcompetitie;WO;Melanique;van Maanen;30.12.2019;32;;
Netherlands;NPB Padelcompetitie;WO;Lourdes;Pérez Sorroche;30.12.2019;30;;
Netherlands;NPB Padelcompetitie;WO;Herma;Florissen;30.12.2019;30;;
Netherlands;NPB Padelcompetitie;WO;Petra;van den Brink;30.12.2019;30;;
Netherlands;NPB Padelcompetitie;WO;Eva;Sans;30.12.2019;30;;
Netherlands;NPB Padelcompetitie;WO;Leonie;de Jong;30.12.2019;30;;
Netherlands;NPB Padelcompetitie;WO;Nina;Louter;30.12.2019;30;;
Netherlands;NPB Padelcompetitie;WO;Evaline;Coenen;30.12.2019;30;;
Netherlands;NPB Padelcompetitie;WO;Heleen;Jägers;30.12.2019;28;;
Netherlands;NPB Padelcompetitie;WO;Ann;Mtz Lzo;30.12.2019;28;;
Netherlands;NPB Padelcompetitie;WO;Suzanne;Pottegieter;30.12.2019;28;;
Netherlands;NPB Padelcompetitie;WO;Linda;Menkhorst;30.12.2019;28;;
Netherlands;NPB Padelcompetitie;WO;Eva;Straatsma;30.12.2019;26;;
Netherlands;NPB Padelcompetitie;WO;Salena;Dekens;30.12.2019;26;;
Netherlands;NPB Padelcompetitie;WO;Anne;Ooms;30.12.2019;26;;
Netherlands;NPB Padelcompetitie;WO;Sandra;Buiskool;30.12.2019;26;;
Netherlands;NPB Padelcompetitie;WO;Silvia;Teselink;30.12.2019;26;;
Netherlands;NPB Padelcompetitie;WO;Hylke;Heeres;30.12.2019;25;;
Netherlands;NPB Padelcompetitie;WO;Bianca;Steentjes;30.12.2019;25;;
Netherlands;NPB Padelcompetitie;WO;Ingrid;van de Boel;30.12.2019;25;;
Netherlands;NPB Padelcompetitie;WO;Marjo;Gruisen;30.12.2019;24;;
Netherlands;NPB Padelcompetitie;WO;Christel;van Kampen;30.12.2019;24;;
Netherlands;NPB Padelcompetitie;WO;Luna;Gelsumino;30.12.2019;24;;
Netherlands;NPB Padelcompetitie;WO;Johanna;Piek;30.12.2019;24;;
Netherlands;NPB Padelcompetitie;WO;Nathalie;Isken;30.12.2019;24;;
Netherlands;NPB Padelcompetitie;WO;Marjorie;Maduro;30.12.2019;24;;
Netherlands;NPB Padelcompetitie;WO;Tessa;Nikkelen;30.12.2019;24;;
Netherlands;NPB Padelcompetitie;WO;Ingeborg;Brager-Kuys;30.12.2019;23;;
Netherlands;NPB Padelcompetitie;WO;Carola;Den Hollander;30.12.2019;22;;
Netherlands;NPB Padelcompetitie;WO;Constance;Feyen;30.12.2019;21;;
Netherlands;NPB Padelcompetitie;WO;Antoinet;Bolster;30.12.2019;20;;
Netherlands;NPB Padelcompetitie;WO;Paula;Schreuder;30.12.2019;20;;
Netherlands;NPB Padelcompetitie;WO;Blanca;Ruiz-Echarri;30.12.2019;20;;
Netherlands;NPB Padelcompetitie;WO;Willemijn;Marsma;30.12.2019;20;;
Netherlands;NPB Padelcompetitie;WO;Anke;Peerdeman;30.12.2019;20;;
Netherlands;NPB Padelcompetitie;WO;Miranda;Berbee;30.12.2019;20;;
Netherlands;NPB Padelcompetitie;WO;Anita;Koelewijn;30.12.2019;18;;
Netherlands;NPB Padelcompetitie;WO;Foka;van der Spoel;30.12.2019;18;;
Netherlands;NPB Padelcompetitie;WO;Clem;Wildenberg;30.12.2019;18;;
Netherlands;NPB Padelcompetitie;WO;Puck;Bernard;30.12.2019;18;;
Netherlands;NPB Padelcompetitie;WO;Carolien;Dijkhorst;30.12.2019;18;;
Netherlands;NPB Padelcompetitie;WO;Martine;Janzen;30.12.2019;17;;
Netherlands;NPB Padelcompetitie;WO;Sonsoles;Alonso Martínez;30.12.2019;16;;
Netherlands;NPB Padelcompetitie;WO;Virginia;Canelada;30.12.2019;16;;
Netherlands;NPB Padelcompetitie;WO;Lizzy;van Stein;30.12.2019;16;;
Netherlands;NPB Padelcompetitie;WO;Natalia;Ldt;30.12.2019;16;;
Netherlands;NPB Padelcompetitie;WO;Annemarein;Mol;30.12.2019;16;;
Netherlands;NPB Padelcompetitie;WO;Naomi;de Kwaadsteniet;30.12.2019;16;;
Netherlands;NPB Padelcompetitie;WO;Inês;Pinheiro;30.12.2019;16;;
Netherlands;NPB Padelcompetitie;WO;Suzanne;Deul;30.12.2019;16;;
Netherlands;NPB Padelcompetitie;WO;Yvon;Hoogendijk;30.12.2019;16;;
Netherlands;NPB Padelcompetitie;WO;Jacqueline;Veninga;30.12.2019;16;;
Netherlands;NPB Padelcompetitie;WO;E.;Heinneman;30.12.2019;16;;
Netherlands;NPB Padelcompetitie;WO;Mónica;Borratxero;30.12.2019;16;;
Netherlands;NPB Padelcompetitie;WO;Ellis;van Wageningen;30.12.2019;16;;
Netherlands;NPB Padelcompetitie;WO;Iris;Zeilstra;30.12.2019;16;;
Netherlands;NPB Padelcompetitie;WO;Leonoor;Ahrens;30.12.2019;15;;
Netherlands;NPB Padelcompetitie;WO;Elena;Prieto Mudarra;30.12.2019;14;;
Netherlands;NPB Padelcompetitie;WO;Carolien;Meijboom;30.12.2019;14;;
Netherlands;NPB Padelcompetitie;WO;Monique;Heuven;30.12.2019;14;;
Netherlands;NPB Padelcompetitie;WO;Debby;Dekker;30.12.2019;14;;
Netherlands;NPB Padelcompetitie;WO;Jeanette;Meijers;30.12.2019;14;;
Netherlands;NPB Padelcompetitie;WO;Maaike;Buskermolen;30.12.2019;14;;
Netherlands;NPB Padelcompetitie;WO;Kristy;Kuik;30.12.2019;14;;
Netherlands;NPB Padelcompetitie;WO;Krista;de Jong;30.12.2019;14;;
Netherlands;NPB Padelcompetitie;WO;Serena;Droog;30.12.2019;12;;
Netherlands;NPB Padelcompetitie;WO;Saskia;Huitink;30.12.2019;12;;
Netherlands;NPB Padelcompetitie;WO;Kelly;Spang;30.12.2019;12;;
Netherlands;NPB Padelcompetitie;WO;Michaela;Schigt;30.12.2019;12;;
Netherlands;NPB Padelcompetitie;WO;Jolanda;Broekhof;30.12.2019;11;;
Netherlands;NPB Padelcompetitie;WO;Jacqueline;van Wijk;30.12.2019;10;;
Netherlands;NPB Padelcompetitie;WO;Cindy;Bondewel;30.12.2019;10;;
Netherlands;NPB Padelcompetitie;WO;Lieske;Stevens;30.12.2019;10;;
Netherlands;NPB Padelcompetitie;WO;Ingrid;Hofman;30.12.2019;10;;
Netherlands;NPB Padelcompetitie;WO;Gonny;Schoonhoven;30.12.2019;10;;
Netherlands;NPB Padelcompetitie;WO;Monique;Leerentveld;30.12.2019;9;;
Netherlands;NPB Padelcompetitie;WO;Gabrielle;Peters-Frijns;30.12.2019;9;;
Netherlands;NPB Padelcompetitie;WO;Birgit;Overmars;30.12.2019;8;;
Netherlands;NPB Padelcompetitie;WO;Sybranda;van Es;30.12.2019;8;;
Netherlands;NPB Padelcompetitie;WO;Mauke;Pool;30.12.2019;8;;
Netherlands;NPB Padelcompetitie;WO;Stephanie;Claus;30.12.2019;8;;
Netherlands;NPB Padelcompetitie;WO;Carolien;Sterkman;30.12.2019;8;;
Netherlands;NPB Padelcompetitie;WO;Mariska;Janssen;30.12.2019;8;;
Netherlands;NPB Padelcompetitie;WO;Inge;Gillis;30.12.2019;8;;
Netherlands;NPB Padelcompetitie;WO;Chelsey;Hendriks;30.12.2019;8;;
Netherlands;NPB Padelcompetitie;WO;Mariët;Timmerhuis;30.12.2019;7;;
Netherlands;NPB Padelcompetitie;WO;Britt;du Pree;30.12.2019;7;;
Netherlands;NPB Padelcompetitie;WO;Elsa;Sietsma;30.12.2019;7;;
Netherlands;NPB Padelcompetitie;WO;Mariska;Hendriks;30.12.2019;7;;
Netherlands;NPB Padelcompetitie;WO;Thea;Douma;30.12.2019;6;;
Netherlands;NPB Padelcompetitie;WO;Norma;Voos;30.12.2019;6;;
Netherlands;NPB Padelcompetitie;WO;Krista;Gronsveld;30.12.2019;6;;
Netherlands;NPB Padelcompetitie;WO;Lenette;van Blooijs;30.12.2019;6;;
Netherlands;NPB Padelcompetitie;WO;Marieke;Bosman;30.12.2019;6;;
Netherlands;NPB Padelcompetitie;WO;Gonneke;Hamers;30.12.2019;6;;
Netherlands;NPB Padelcompetitie;WO;Hanka;van den Berk;30.12.2019;6;;
Netherlands;NPB Padelcompetitie;WO;Marion;Post;30.12.2019;6;;
Netherlands;NPB Padelcompetitie;WO;Angelique;de Vries;30.12.2019;5;;
Netherlands;NPB Padelcompetitie;WO;Inge;Bannink;30.12.2019;5;;
Netherlands;NPB Padelcompetitie;WO;Vera;van Weerdt;30.12.2019;4;;
Netherlands;NPB Padelcompetitie;WO;Elselien;Zelle;30.12.2019;4;;
Netherlands;NPB Padelcompetitie;WO;Diana;van der Wielen;30.12.2019;4;;
Netherlands;NPB Padelcompetitie;WO;Willy;Mars;30.12.2019;4;;
Netherlands;NPB Padelcompetitie;WO;Jolanda;Wakkerman;30.12.2019;4;;
Netherlands;NPB Padelcompetitie;WO;Sheila;Rasink;30.12.2019;4;;
Netherlands;NPB Padelcompetitie;WO;Diana;Weisz;30.12.2019;4;;
Netherlands;NPB Padelcompetitie;WO;Yvonne;Bel;30.12.2019;4;;
Netherlands;NPB Padelcompetitie;WO;Gea;van der Sman;30.12.2019;3;;
Netherlands;NPB Padelcompetitie;WO;Adriënne;Brouwers;30.12.2019;3;;
Netherlands;NPB Padelcompetitie;WO;Angela;Ottenhof;30.12.2019;3;;
Netherlands;NPB Padelcompetitie;WO;Annette;Kieser;30.12.2019;3;;
